manufacturer,part_number,status,package_type,pinout_mirroring,configuration,data_source_tier,BVdss_V,VDD_V,ID_max_A,Ptot_W,Tj_max_degC,RthetaJC_degC_W,test_frequency_MHz,test_VDD_V,test_IDQ_mA,test_mode,test_Pout_W,test_Gain_dB,test_Efficiency_pct,test_load_match_condition,reference_circuit_frequency,reference_circuit_topology,Ciss_pF,Coss_pF,Crss_pF,Coss_measurement_VDS_V,model_ADS,model_MWO,model_SPICE,model_S_parameters,package_parasitics_available,Pin_req_W,V_swing_scale_V,I_RF_peak_scale_A,Z_opt_estimate_Ohm,Coss_ratio_EOx,Coss_ratio_EOy,Coss_nonlinear_risk,Thermal_Rise_35pct_degC,Thermal_Rise_50pct_degC,Thermal_Rise_65pct_degC,is_good_for_ads_modeling_now
NXP,MRF101AN,Active,TO-220-3,True,Single-Ended,Primary,133.0,50.0,,,225.0,,27.0,50.0,100.0,CW,100.0,24.9,79.6,Unknown,27 MHz,Unknown,149.0,43.4,0.96,50.0,True,,,True,,0.32359365692962844,45.0,4.444444444444445,10.125,2.5680473372781067,2.6790123456790123,False,,,,True
NXP,MRF300AN,Active,TO-247-3,True,Single-Ended,Primary,133.0,50.0,,,225.0,,27.0,50.0,100.0,CW,300.0,28.0,75.0,Unknown,Unknown,Unknown,403.0,104.0,2.31,50.0,True,,,True,,0.4754679577383342,45.0,13.333333333333334,3.375,6.153846153846154,6.419753086419753,True,,,,True
NXP,MRFE6VP5600H,Active,NI-1230H,False,Push-Pull,Primary,133.0,50.0,,,225.0,,230.0,50.0,,CW,600.0,23.0,70.0,Unknown,230 MHz,Unknown,562.0,185.0,,50.0,True,,,,,3.007123401763635,45.0,26.666666666666668,1.6875,10.946745562130179,11.419753086419753,True,,,,True
NXP,MRFE6VP61K25H,Active,NI-1230H,False,Push-Pull,Primary,133.0,50.0,,,225.0,0.15,230.0,50.0,,CW,1250.0,23.0,,Unknown,230 MHz,Unknown,,185.0,2.8,50.0,True,,,,,6.2648404203409065,45.0,55.55555555555556,0.8099999999999999,10.946745562130179,11.419753086419753,True,348.2142857142857,187.5,100.96153846153842,True
NXP,MRFX1K80H,EOL,NI-1230H,False,Push-Pull,Primary,179.0,65.0,,,225.0,0.09,230.0,65.0,,CW,1800.0,23.0,,Unknown,230 MHz,Unknown,762.0,203.0,,65.0,True,,,,,9.021370205290905,60.0,60.0,1.0,12.011834319526628,12.530864197530864,True,300.8571428571429,162.0,87.2307692307692,True
Ampleon,BLP10H610,Active,HVSON12,False,Single-Ended,Primary,104.0,50.0,,,225.0,,,50.0,,CW,10.0,22.0,60.0,Unknown,Unknown,Unknown,13.5,4.5,,50.0,,,,,,0.0630957344480193,45.0,0.4444444444444444,101.25,0.26627218934911245,0.2777777777777778,False,,,,False
Ampleon,BLF645,Active,SOT540A,False,Push-Pull,Primary,,32.0,,,225.0,,1300.0,32.0,900.0,CW,100.0,18.0,56.0,Unknown,1300 MHz,Unknown,,,,32.0,True,,,,,1.5848931924611134,27.0,7.407407407407407,3.645,,,False,,,,True
Ampleon,BLF10H6600P,Active,Unknown,False,Push-Pull,Primary,,50.0,,,225.0,0.15,400.0,50.0,,CW,600.0,,,Unknown,Unknown,Unknown,,,,50.0,,,,,,,45.0,26.666666666666668,1.6875,,,False,167.14285714285714,90.0,48.461538461538446,False
Ampleon,BLF188XR,Active,Unknown,False,Push-Pull,Primary,110.0,50.0,,,225.0,,,50.0,,Pulsed,1400.0,,,Unknown,Unknown,Unknown,,,,50.0,,,,,,,45.0,62.22222222222222,0.7232142857142857,,,False,,,,False
Ampleon,BLF578XR,Active,SOT539A,False,Push-Pull,Primary,110.0,50.0,,,225.0,,225.0,50.0,,Pulsed,1400.0,23.5,69.0,Unknown,225 MHz,Unknown,414.0,184.0,5.5,50.0,True,,,,,6.253570290113482,45.0,62.22222222222222,0.7232142857142857,10.887573964497042,11.358024691358025,True,,,,True
